GROUP,PACKAGE,CLASS,INSTRUCTION_MISSED,INSTRUCTION_COVERED,BRANCH_MISSED,BRANCH_COVERED,LINE_MISSED,LINE_COVERED,COMPLEXITY_MISSED,COMPLEXITY_COVERED,METHOD_MISSED,METHOD_COVERED
jUDDI Core Services,org.apache.juddi.config,AppConfig,131,266,19,15,29,73,15,13,2,9
jUDDI Core Services,org.apache.juddi.config,Install,665,1343,95,101,114,300,82,38,3,19
jUDDI Core Services,org.apache.juddi.config,PublisherFileFilter,0,28,0,2,0,6,0,3,0,2
jUDDI Core Services,org.apache.juddi.config,ResourceConfig,21,26,5,5,5,9,6,2,1,2
jUDDI Core Services,org.apache.juddi.config,Constants,3,0,0,0,1,0,1,0,1,0
jUDDI Core Services,org.apache.juddi.config,PersistenceManager,35,23,5,5,12,9,6,4,2,3
jUDDI Core Services,org.apache.juddi.config,Release,5,10,1,1,3,4,3,2,2,2
jUDDI Core Services,org.apache.juddi.query,FindBusinessByCombinedCategoryQuery,3,24,0,0,1,3,1,2,1,2
jUDDI Core Services,org.apache.juddi.query,FindServiceByCategoryGroupQuery,26,22,3,1,3,4,3,2,1,2
jUDDI Core Services,org.apache.juddi.query,FindBusinessByTModelKeyQuery,110,243,19,19,13,46,17,7,1,4
jUDDI Core Services,org.apache.juddi.query,FindEntityByCategoryGroupQuery,132,604,25,55,21,112,33,21,8,6
jUDDI Core Services,org.apache.juddi.query,PublisherAssertionQuery,5,25,0,0,2,7,2,1,2,1
jUDDI Core Services,org.apache.juddi.query,FindServiceByNameQuery,26,22,3,1,3,4,3,2,1,2
jUDDI Core Services,org.apache.juddi.query,FetchTModelsQuery,177,128,11,13,24,33,13,6,3,4
jUDDI Core Services,org.apache.juddi.query,FindTModelByPublisherQuery,3,17,0,0,1,3,1,2,1,2
jUDDI Core Services,org.apache.juddi.query,FindBusinessByNameQuery,3,20,0,0,1,3,1,2,1,2
jUDDI Core Services,org.apache.juddi.query,TModelQuery,5,13,0,0,2,4,2,1,2,1
jUDDI Core Services,org.apache.juddi.query,FindTModelByNameQuery,24,154,9,19,3,26,10,8,1,3
jUDDI Core Services,org.apache.juddi.query,SubscriptionQuery,5,13,0,0,2,4,2,1,2,1
jUDDI Core Services,org.apache.juddi.query,DeletePublisherAssertionByBusinessQuery,60,0,4,0,16,0,6,0,4,0
jUDDI Core Services,org.apache.juddi.query,FindBindingByTModelKeyQuery,104,233,17,21,12,42,15,9,1,4
jUDDI Core Services,org.apache.juddi.query,FindTModelByIdentifierQuery,3,29,0,0,1,3,1,2,1,2
jUDDI Core Services,org.apache.juddi.query,FindBusinessByIdentifierQuery,3,20,0,0,1,3,1,2,1,2
jUDDI Core Services,org.apache.juddi.query,FindTModelByCategoryGroupQuery,3,29,0,0,1,3,1,2,1,2
jUDDI Core Services,org.apache.juddi.query,FetchBusinessEntitiesQuery,181,169,13,11,25,35,14,5,3,4
jUDDI Core Services,org.apache.juddi.query,EntityQuery,43,241,13,27,14,61,12,14,1,5
jUDDI Core Services,org.apache.juddi.query,FindServiceByCombinedCategoryQuery,26,26,3,1,3,4,3,2,1,2
jUDDI Core Services,org.apache.juddi.query,FetchBindingTemplatesQuery,73,101,4,8,17,26,7,6,3,4
jUDDI Core Services,org.apache.juddi.query,FindEntityByPublisherQuery,47,113,9,5,11,19,13,3,6,3
jUDDI Core Services,org.apache.juddi.query,FindEntityByNamesQuery,35,341,6,24,10,51,14,15,8,6
jUDDI Core Services,org.apache.juddi.query,FindPublisherAssertionByBusinessQuery,106,114,7,7,12,25,7,4,1,3
jUDDI Core Services,org.apache.juddi.query,FindBusinessByPublisherQuery,3,18,0,0,1,3,1,2,1,2
jUDDI Core Services,org.apache.juddi.query,FindServiceByTModelKeyQuery,101,225,18,24,12,47,16,10,1,4
jUDDI Core Services,org.apache.juddi.query,FindBusinessByCategoryQuery,3,20,0,0,1,3,1,2,1,2
jUDDI Core Services,org.apache.juddi.query,FindEntityByIdentifierQuery,165,522,18,52,22,89,27,22,9,5
jUDDI Core Services,org.apache.juddi.query,FindBusinessByDiscoveryURLQuery,28,179,7,15,5,32,8,8,1,4
jUDDI Core Services,org.apache.juddi.query,BindingTemplateQuery,5,13,0,0,2,4,2,1,2,1
jUDDI Core Services,org.apache.juddi.query,FindServiceByCategoryQuery,26,22,3,1,3,4,3,2,1,2
jUDDI Core Services,org.apache.juddi.query,BusinessServiceQuery,5,13,0,0,2,4,2,1,2,1
jUDDI Core Services,org.apache.juddi.query,FindBusinessByCategoryGroupQuery,3,20,0,0,1,3,1,2,1,2
jUDDI Core Services,org.apache.juddi.query,FindBindingByCategoryQuery,3,45,1,3,1,6,2,3,1,2
jUDDI Core Services,org.apache.juddi.query,FetchBusinessServicesQuery,180,169,13,11,25,35,14,5,3,4
jUDDI Core Services,org.apache.juddi.query,FindEntityByCombinedCategoryQuery,123,208,18,18,27,43,17,10,5,4
jUDDI Core Services,org.apache.juddi.query,FindEntityByCategoryQuery,77,643,14,58,15,107,22,28,8,6
jUDDI Core Services,org.apache.juddi.query,BusinessEntityQuery,5,13,0,0,2,4,2,1,2,1
jUDDI Core Services,org.apache.juddi.query,FindTModelByCategoryQuery,3,29,0,0,1,3,1,2,1,2
jUDDI Core Services,org.apache.juddi.query,FindBindingByCategoryGroupQuery,3,45,1,3,1,6,2,3,1,2
jUDDI Core Services,org.apache.juddi.query,FindSubscriptionByPublisherQuery,3,29,0,0,1,4,1,1,1,1
jUDDI Core Services,org.apache.juddi.v3.auth,HTTPHeaderAuthenticator,193,0,14,0,51,0,10,0,3,0
jUDDI Core Services,org.apache.juddi.v3.auth,MD5XMLDocAuthenticator,154,117,8,8,31,36,9,7,2,6
jUDDI Core Services,org.apache.juddi.v3.auth,AuthenticatorFactory,56,49,2,4,11,17,3,4,1,3
jUDDI Core Services,org.apache.juddi.v3.auth,LdapSimpleAuthenticator,456,0,18,0,101,0,14,0,5,0
jUDDI Core Services,org.apache.juddi.v3.auth,XMLDocAuthenticator,204,211,23,15,39,52,19,7,2,5
jUDDI Core Services,org.apache.juddi.v3.auth,LdapExpandedAuthenticator,467,0,18,0,102,0,14,0,5,0
jUDDI Core Services,org.apache.juddi.v3.auth,User,22,26,0,0,5,11,1,6,1,6
jUDDI Core Services,org.apache.juddi.v3.auth,HTTPContainerAuthenticator,201,0,22,0,53,0,14,0,3,0
jUDDI Core Services,org.apache.juddi.v3.auth,JUDDIAuthenticator,59,149,8,8,8,43,6,5,0,3
jUDDI Core Services,org.apache.juddi.v3.auth,CryptedXMLDocAuthenticator,179,167,8,8,40,48,8,7,1,6
jUDDI Core Services,org.apache.juddi.v3.auth,JuddiUsers,4,12,0,0,2,3,1,2,1,2
jUDDI Core Services,org.apache.juddi.replication,ReplicationNotifier,456,312,60,24,92,79,39,15,3,9
jUDDI Core Services,org.apache.juddi.replication,ReplicationNotifier.PrimaryAlternate,11,0,0,0,3,0,1,0,1,0
jUDDI Core Services,org.apache.juddi.model,BusinessCategoryBag,0,16,0,0,0,8,0,4,0,4
jUDDI Core Services,org.apache.juddi.model,UddiEntity,23,76,9,3,6,26,7,15,1,15
jUDDI Core Services,org.apache.juddi.model,SignatureTransform,0,37,0,0,0,14,0,9,0,9
jUDDI Core Services,org.apache.juddi.model,Node,30,101,0,0,11,44,1,29,1,29
jUDDI Core Services,org.apache.juddi.model,ChangeRecord.RecordType,5,113,0,0,0,11,1,3,1,3
jUDDI Core Services,org.apache.juddi.model,UddiEntityPublisher,57,341,11,19,15,76,11,15,0,11
jUDDI Core Services,org.apache.juddi.model,PublisherAssertion,54,89,4,2,16,35,5,21,2,21
jUDDI Core Services,org.apache.juddi.model,ObjectType,39,6,0,0,17,2,11,2,11,2
jUDDI Core Services,org.apache.juddi.model,Email,9,43,0,0,4,19,1,10,1,10
jUDDI Core Services,org.apache.juddi.model,ServiceProjection,18,45,0,0,8,12,5,3,5,3
jUDDI Core Services,org.apache.juddi.model,CategoryBag,0,36,0,0,0,13,0,7,0,7
jUDDI Core Services,org.apache.juddi.model,ValueSetValues,26,0,0,0,12,0,6,0,6,0
jUDDI Core Services,org.apache.juddi.model,DiscoveryUrl,0,43,0,0,0,19,0,10,0,10
jUDDI Core Services,org.apache.juddi.model,Address,24,63,0,0,7,24,1,14,1,14
jUDDI Core Services,org.apache.juddi.model,ReplicationConfiguration,10,99,2,4,2,37,2,22,0,21
jUDDI Core Services,org.apache.juddi.model,ServiceCategoryBag,0,16,0,0,0,8,0,4,0,4
jUDDI Core Services,org.apache.juddi.model,AddressLine,9,53,0,0,4,23,1,12,1,12
jUDDI Core Services,org.apache.juddi.model,ServiceName,9,43,0,0,4,19,1,10,1,10
jUDDI Core Services,org.apache.juddi.model,Publisher,57,89,0,0,16,35,3,22,3,22
jUDDI Core Services,org.apache.juddi.model,TmodelInstanceInfo,39,97,0,0,8,30,1,16,1,16
jUDDI Core Services,org.apache.juddi.model,ReplicationConfigurationNode,0,24,0,0,0,10,0,7,0,7
jUDDI Core Services,org.apache.juddi.model,TransferToken,18,30,0,0,5,12,1,7,1,7
jUDDI Core Services,org.apache.juddi.model,Signature,0,101,0,0,0,43,0,29,0,29
jUDDI Core Services,org.apache.juddi.model,CanonicalizationMethod,0,17,0,0,0,7,0,5,0,5
jUDDI Core Services,org.apache.juddi.model,Tmodel,93,83,0,0,17,30,2,17,2,17
jUDDI Core Services,org.apache.juddi.model,BusinessIdentifier,9,53,0,0,4,23,1,12,1,12
jUDDI Core Services,org.apache.juddi.model,SubscriptionChunkToken,0,51,0,0,0,23,0,14,0,14
jUDDI Core Services,org.apache.juddi.model,OverviewDocDescr,9,43,0,0,4,19,1,10,1,10
jUDDI Core Services,org.apache.juddi.model,BusinessEntity,173,143,1,1,19,46,3,23,2,23
jUDDI Core Services,org.apache.juddi.model,InstanceDetailsDescr,46,6,0,0,20,3,9,2,9,2
jUDDI Core Services,org.apache.juddi.model,ControlMessage,0,37,0,0,0,16,0,10,0,10
jUDDI Core Services,org.apache.juddi.model,BindingDescr,9,43,0,0,4,19,1,10,1,10
jUDDI Core Services,org.apache.juddi.model,BusinessName,9,43,0,0,4,19,1,10,1,10
jUDDI Core Services,org.apache.juddi.model,BindingCategoryBag,0,16,0,0,0,8,0,4,0,4
jUDDI Core Services,org.apache.juddi.model,TransferTokenKey,0,33,0,0,0,15,0,8,0,8
jUDDI Core Services,org.apache.juddi.model,Edge,10,55,2,2,2,23,2,14,0,14
jUDDI Core Services,org.apache.juddi.model,ContactDescr,9,43,0,0,4,19,1,10,1,10
jUDDI Core Services,org.apache.juddi.model,BusinessDescr,9,43,0,0,4,19,1,10,1,10
jUDDI Core Services,org.apache.juddi.model,SignedInfo,0,44,0,0,0,17,0,11,0,11
jUDDI Core Services,org.apache.juddi.model,SubscriptionMatch,0,33,0,0,0,15,0,8,0,8
jUDDI Core Services,org.apache.juddi.model,TmodelDescr,9,43,0,0,4,19,1,10,1,10
jUDDI Core Services,org.apache.juddi.model,ChangeRecord,0,58,0,0,0,24,0,15,0,15
jUDDI Core Services,org.apache.juddi.model,KeyedReference,9,75,0,0,4,32,1,15,1,15
jUDDI Core Services,org.apache.juddi.model,InstanceDetailsDocDescr,52,6,0,0,22,3,9,2,9,2
jUDDI Core Services,org.apache.juddi.model,SignatureValue,0,24,0,0,0,10,0,7,0,7
jUDDI Core Services,org.apache.juddi.model,Operator,0,68,0,4,0,26,0,17,0,15
jUDDI Core Services,org.apache.juddi.model,ObjectTypeContent,18,6,0,0,8,2,5,2,5,2
jUDDI Core Services,org.apache.juddi.model,ServiceDescr,9,43,0,0,4,19,1,10,1,10
jUDDI Core Services,org.apache.juddi.model,Reference,0,65,0,0,0,26,0,17,0,17
jUDDI Core Services,org.apache.juddi.model,Phone,9,43,0,0,4,19,1,10,1,10
jUDDI Core Services,org.apache.juddi.model,ClientSubscriptionInfo,19,27,0,0,8,11,2,8,2,8
jUDDI Core Services,org.apache.juddi.model,EdgeReceiverAlternate,0,24,0,0,0,10,0,7,0,7
jUDDI Core Services,org.apache.juddi.model,PersonName,9,43,0,0,4,19,1,10,1,10
jUDDI Core Services,org.apache.juddi.model,OperatorStatusType,36,49,4,0,5,7,5,3,3,3
jUDDI Core Services,org.apache.juddi.model,BindingTemplate,78,77,0,0,16,29,2,17,2,17
jUDDI Core Services,org.apache.juddi.model,PublisherAssertionId,101,26,34,0,21,12,19,6,2,6
jUDDI Core Services,org.apache.juddi.model,TmodelInstanceInfoDescr,9,43,0,0,4,19,1,10,1,10
jUDDI Core Services,org.apache.juddi.model,TempKeyPK,75,0,16,0,20,0,16,0,8,0
jUDDI Core Services,org.apache.juddi.model,AuthToken,21,52,0,0,8,23,1,15,1,15
jUDDI Core Services,org.apache.juddi.model,SignatureMethod,0,17,0,0,0,7,0,5,0,5
jUDDI Core Services,org.apache.juddi.model,KeyDataValue,38,90,0,0,4,35,1,18,1,18
jUDDI Core Services,org.apache.juddi.model,KeyInfo,0,29,0,0,0,11,0,7,0,7
jUDDI Core Services,org.apache.juddi.model,Contact,54,132,0,0,9,37,1,20,1,20
jUDDI Core Services,org.apache.juddi.model,Clerk,15,31,0,0,6,13,1,9,1,9
jUDDI Core Services,org.apache.juddi.model,TempKey,24,0,0,0,10,0,4,0,4,0
jUDDI Core Services,org.apache.juddi.model,TmodelIdentifier,25,37,0,0,12,15,5,8,5,8
jUDDI Core Services,org.apache.juddi.model,ServiceProjectionId,94,3,22,0,29,2,14,1,3,1
jUDDI Core Services,org.apache.juddi.model,TmodelCategoryBag,0,16,0,0,0,7,0,4,0,4
jUDDI Core Services,org.apache.juddi.model,SignatureTransformDataValue,0,31,0,0,0,13,0,9,0,9
jUDDI Core Services,org.apache.juddi.model,KeyedReferenceGroup,15,37,0,0,4,15,1,9,1,9
jUDDI Core Services,org.apache.juddi.model,OverviewDoc,24,75,0,0,7,27,1,15,1,15
jUDDI Core Services,org.apache.juddi.model,BusinessService,96,82,0,0,14,28,2,15,2,15
jUDDI Core Services,org.apache.juddi.model,Subscription,35,86,6,0,8,36,5,23,2,23
jUDDI Core Services,org.apache.juddi.api.impl,UDDIValueSetCachingImpl,66,0,4,0,16,0,5,0,3,0
jUDDI Core Services,org.apache.juddi.api.impl,XRegisterHelper,584,0,46,0,84,0,26,0,3,0
jUDDI Core Services,org.apache.juddi.api.impl,UDDIPublicationImpl,783,2984,84,148,166,708,68,88,3,37
jUDDI Core Services,org.apache.juddi.api.impl,UDDICustodyTransferImpl,608,409,51,15,125,108,31,10,2,6
jUDDI Core Services,org.apache.juddi.api.impl,JUDDIApiImpl,1814,1720,162,76,398,443,108,38,8,19
jUDDI Core Services,org.apache.juddi.api.impl,UDDIv2InquiryImpl,196,0,0,0,56,0,13,0,13,0
jUDDI Core Services,org.apache.juddi.api.impl,UDDIReplicationImpl,740,441,75,37,137,119,49,21,5,9
jUDDI Core Services,org.apache.juddi.api.impl,UDDIServiceCounter,428,546,38,24,71,84,30,14,5,8
jUDDI Core Services,org.apache.juddi.api.impl,PublicationHelper,22,28,2,2,6,7,3,1,1,1
jUDDI Core Services,org.apache.juddi.api.impl,UDDIServiceCounter.LongHolder,4,3,0,0,1,1,1,1,1,1
jUDDI Core Services,org.apache.juddi.api.impl,InquiryHelper,279,1145,92,130,62,246,73,58,2,18
jUDDI Core Services,org.apache.juddi.api.impl,UDDIServiceCounter.IntHolder,0,7,0,0,0,2,0,2,0,2
jUDDI Core Services,org.apache.juddi.api.impl,UDDISubscriptionImpl,986,1134,143,119,226,286,99,43,1,10
jUDDI Core Services,org.apache.juddi.api.impl,UDDISecurityImpl,167,154,12,4,32,37,9,4,1,4
jUDDI Core Services,org.apache.juddi.api.impl,UDDIv2PublishImpl,366,0,6,0,106,0,24,0,21,0
jUDDI Core Services,org.apache.juddi.api.impl,UDDIReplicationImpl.PullTimerTask,1683,378,196,28,306,73,106,12,2,4
jUDDI Core Services,org.apache.juddi.api.impl,ServiceCounterLifecycleResource,13,145,1,5,2,31,2,6,1,4
jUDDI Core Services,org.apache.juddi.api.impl,UDDIInquiryImpl,385,870,45,49,82,256,37,30,0,20
jUDDI Core Services,org.apache.juddi.api.impl,UDDIValueSetValidationImpl,239,634,32,60,40,116,28,30,1,11
jUDDI Core Services,org.apache.juddi.api.impl,UDDISubscriptionListenerImpl,149,7,6,0,35,2,4,2,1,2
jUDDI Core Services,org.apache.juddi.api.impl,AuthenticatedService,193,269,20,26,34,75,18,11,0,6
jUDDI Core Services,org.apache.juddi.v3.error,MaxEntitiesExceededException,6,0,0,0,2,0,1,0,1,0
jUDDI Core Services,org.apache.juddi.v3.error,UserMismatchException,0,6,0,0,0,2,0,1,0,1
jUDDI Core Services,org.apache.juddi.v3.error,InvalidTimeException,6,0,0,0,2,0,1,0,1,0
jUDDI Core Services,org.apache.juddi.v3.error,FatalErrorException,0,6,0,0,0,2,0,1,0,1
jUDDI Core Services,org.apache.juddi.v3.error,AssertionNotFoundException,6,0,0,0,2,0,1,0,1,0
jUDDI Core Services,org.apache.juddi.v3.error,TokenAlreadyExistsException,6,0,0,0,2,0,1,0,1,0
jUDDI Core Services,org.apache.juddi.v3.error,AuthTokenRequiredException,0,6,0,0,0,2,0,1,0,1
jUDDI Core Services,org.apache.juddi.v3.error,RegistryException,0,6,0,0,0,2,0,1,0,1
jUDDI Core Services,org.apache.juddi.v3.error,AuthTokenExpiredException,6,0,0,0,2,0,1,0,1,0
jUDDI Core Services,org.apache.juddi.v3.error,UnknownUserException,0,6,0,0,0,2,0,1,0,1
jUDDI Core Services,org.apache.juddi.v3.error,InvalidValueException,0,6,0,0,0,2,0,1,0,1
jUDDI Core Services,org.apache.juddi.v3.error,AuthenticationException,0,5,0,0,0,2,0,1,0,1
jUDDI Core Services,org.apache.juddi.v3.error,InvalidKeyPassedException,0,6,0,0,0,2,0,1,0,1
jUDDI Core Services,org.apache.juddi.v3.error,InvalidProjectionException,6,0,0,0,2,0,1,0,1,0
jUDDI Core Services,org.apache.juddi.v3.error,UDDIErrorHelper,67,57,32,8,33,20,33,9,1,3
jUDDI Core Services,org.apache.juddi.v3.error,ValueNotAllowedException,0,6,0,0,0,2,0,1,0,1
jUDDI Core Services,org.apache.juddi.v3.error,TransferNotAllowedException,6,0,0,0,2,0,1,0,1,0
jUDDI Core Services,org.apache.juddi.v3.error,UnsupportedException,6,0,0,0,2,0,1,0,1,0
jUDDI Core Services,org.apache.juddi.v3.error,ErrorMessage,14,38,1,3,6,9,5,4,4,3
jUDDI Core Services,org.apache.juddi.v3.error,KeyUnavailableException,6,0,0,0,2,0,1,0,1,0
jUDDI Core Services,org.apache.juddi.v3.error,InvalidCombinationException,6,0,0,0,2,0,1,0,1,0
jUDDI Core Services,org.apache.juddi.validation.vsv,Uddiuddiorgrelationships,0,23,0,0,0,7,0,3,0,3
jUDDI Core Services,org.apache.juddi.validation.vsv,Uddiuddiorgcategorizationowningbusiness,292,182,42,24,36,35,31,11,2,7
jUDDI Core Services,org.apache.juddi.validation.vsv,Uddiuddiorgcategorizationentitykeyvalues,0,35,0,0,0,10,0,3,0,3
jUDDI Core Services,org.apache.juddi.validation.vsv,Uddiuddiorgcategorizationnodes,0,15,0,0,0,5,0,3,0,3
jUDDI Core Services,org.apache.juddi.validation.vsv,Uddiuddiorgidentifierisreplacedby,597,400,56,48,55,66,43,20,3,8
jUDDI Core Services,org.apache.juddi.validation.vsv,Uuidc1acf26d967244049d7039b756e62ab4,6,0,0,0,2,0,2,0,2,0
jUDDI Core Services,org.apache.juddi.validation.vsv,Uuid25b22e3e3dfa3024b02a3438b9050b59,5,0,0,0,2,0,2,0,2,0
jUDDI Core Services,org.apache.juddi.validation.vsv,Uddiuddiorgcategorizationvalidatedby,265,157,40,20,35,31,29,10,2,7
jUDDI Core Services,org.apache.juddi.validation.vsv,Uuid5678dd4ff95d35f99ea6f79a7dd64656,5,0,0,0,2,0,2,0,2,0
jUDDI Core Services,org.apache.juddi.validation.vsv,Uuid807a2c6aee22470dadc7e0424a337c03,6,0,0,0,2,0,2,0,2,0
jUDDI Core Services,org.apache.juddi.validation.vsv,Uddiuddiorgcategorizationtypes,443,493,44,42,30,64,32,20,2,7
jUDDI Core Services,org.apache.juddi.validation.vsv,Uuid916b87bf075639198eae97dfa325e5a4,5,0,0,0,2,0,2,0,2,0
jUDDI Core Services,org.apache.juddi.validation.vsv,Uuide59ae32077a511d5b8980004ac49cc1e,6,0,0,0,2,0,2,0,2,0
jUDDI Core Services,org.apache.juddi.validation.vsv,Uuid4064c0646d144f3589539652106476a9,6,0,0,0,2,0,2,0,2,0
jUDDI Core Services,org.apache.juddi.validation.vsv,Uuid327a56f032994461bc235cd513e95c55,6,0,0,0,2,0,2,0,2,0
jUDDI Core Services,org.apache.juddi.validation.vsv,Uddiuddiorgcategorizationderivedfrom,356,140,59,15,53,28,40,7,3,7
jUDDI Core Services,org.apache.juddi.validation.vsv,AbstractSimpleValidator,377,284,40,38,42,53,32,20,2,11
jUDDI Core Services,org.apache.juddi.query.util,KeyedRefGroupTModelComparator,38,3,16,0,13,1,9,1,1,1
jUDDI Core Services,org.apache.juddi.query.util,DynamicQuery.Parameter,12,21,0,0,6,8,3,4,3,4
jUDDI Core Services,org.apache.juddi.query.util,DynamicQuery,20,379,8,22,7,82,10,28,2,21
jUDDI Core Services,org.apache.juddi.query.util,KeyedRefTModelComparator,17,24,10,6,6,8,8,2,0,2
jUDDI Core Services,org.apache.juddi.query.util,FindQualifiers,244,480,79,71,50,124,81,40,18,28
jUDDI Core Services,org.apache.juddi.validation,ValidatePublish,2236,3986,410,632,319,957,365,243,4,83
jUDDI Core Services,org.apache.juddi.validation,ValidateReplication,452,277,76,34,76,54,54,11,4,6
jUDDI Core Services,org.apache.juddi.validation,ValidateValueSetValidation,195,0,28,0,51,0,19,0,5,0
jUDDI Core Services,org.apache.juddi.validation,ValidateClientSubscriptionInfo,119,126,19,23,16,36,19,8,1,5
jUDDI Core Services,org.apache.juddi.validation,ValidateSubscriptionListener,15,0,2,0,5,0,3,0,2,0
jUDDI Core Services,org.apache.juddi.validation,ValidateNode,164,201,57,43,19,31,48,6,0,4
jUDDI Core Services,org.apache.juddi.validation,ValidateInquiry,1148,1637,241,271,101,326,201,81,0,26
jUDDI Core Services,org.apache.juddi.validation,ValidatePublisher,220,36,40,6,43,11,26,3,4,2
jUDDI Core Services,org.apache.juddi.validation,ValidateClerk,56,60,10,12,7,19,10,4,0,3
jUDDI Core Services,org.apache.juddi.validation,ValidateValueSetCaching,4,0,0,0,2,0,1,0,1,0
jUDDI Core Services,org.apache.juddi.validation,ValidateCustodyTransfer,246,238,41,27,38,62,32,7,1,4
jUDDI Core Services,org.apache.juddi.validation,ValidateUDDIv2Inquiry,59,0,2,0,24,0,13,0,12,0
jUDDI Core Services,org.apache.juddi.validation,ValidateSubscription,250,353,41,67,38,107,40,21,0,7
jUDDI Core Services,org.apache.juddi.validation,ValidateUDDIKey,89,209,27,43,18,53,28,16,1,8
jUDDI Core Services,org.apache.juddi.validation,ValidateValuesFromWebService,175,141,7,5,40,40,9,5,3,5
jUDDI Core Services,org.apache.juddi.validation,ValidationConstants,3,0,0,0,1,0,1,0,1,0
jUDDI Core Services,org.apache.juddi.validation,ValidateUDDIApi,24,46,2,2,7,16,4,4,2,4
jUDDI Core Services,org.apache.juddi.validation,ValidateSecurity,4,0,0,0,2,0,1,0,1,0
jUDDI Core Services,org.apache.juddi.subscription,NotificationList,24,0,2,0,9,0,5,0,4,0
jUDDI Core Services,org.apache.juddi.subscription,TypeConvertor,21,36,1,3,5,14,2,3,1,2
jUDDI Core Services,org.apache.juddi.subscription,SubscriptionNotifier,473,681,63,55,79,143,50,23,3,11
jUDDI Core Services,org.apache.juddi.mapping,MappingApiToModel,602,3049,119,209,116,717,88,138,4,57
jUDDI Core Services,org.apache.juddi.mapping,MappingModelToApi.new Object() {...},3,23,0,0,0,1,0,1,0,1
jUDDI Core Services,org.apache.juddi.mapping,MappingModelToApi,383,2943,75,215,80,721,68,133,1,54
jUDDI Core Services,org.apache.juddi.mapping,MappingApiToModel.new Object() {...},3,23,0,0,0,1,0,1,0,1
jUDDI Core Services,org.apache.juddi.subscription.notify,SMTPNotifier.new Authenticator() {...},20,0,0,0,2,0,2,0,2,0
jUDDI Core Services,org.apache.juddi.subscription.notify,HTTPNotifier,35,62,3,3,4,16,3,3,0,3
jUDDI Core Services,org.apache.juddi.subscription.notify,NotifierFactory,28,95,4,4,3,15,4,2,0,2
jUDDI Core Services,org.apache.juddi.subscription.notify,SMTPNotifier,164,290,10,14,31,44,9,7,0,4
jUDDI Core Services,org.apache.juddi.subscription.notify,USERFRIENDLYSMTPNotifier,886,235,74,8,197,43,45,2,5,1
jUDDI Core Services,org.apache.juddi.subscription.notify,JNDI_RMINotifier,130,62,11,7,17,15,9,2,1,1
jUDDI Core Services,org.apache.juddi.subscription.notify,TemporaryMailContainer,15,18,0,0,7,7,4,3,4,3
jUDDI Core Services,org.apache.juddi.subscription.notify,USERFRIENDLYSMTPNotifier.new Authenticator() {...},17,0,0,0,2,0,2,0,2,0
jUDDI Core Services,org.apache.juddi.subscription.notify,USERFRIENDLYSMTPNotifier.new Authenticator() {...},17,0,0,0,2,0,2,0,2,0
jUDDI Core Services,org.apache.juddi.subscription.notify,RMINotifier,25,69,2,2,2,15,2,2,0,2
jUDDI Core Services,org.apache.juddi.api.util,ReplicationQuery,33,120,6,2,5,23,7,5,3,5
jUDDI Core Services,org.apache.juddi.api.util,PublicationQuery,33,273,6,2,5,41,7,5,3,5
jUDDI Core Services,org.apache.juddi.api.util,SubscriptionListenerQuery,33,52,6,2,5,15,7,5,3,5
jUDDI Core Services,org.apache.juddi.api.util,SecurityQuery,33,69,6,2,5,17,7,5,3,5
jUDDI Core Services,org.apache.juddi.api.util,ValueSetCachingQuery,33,52,6,2,5,15,7,5,3,5
jUDDI Core Services,org.apache.juddi.api.util,SubscriptionQuery,33,103,6,2,5,21,7,5,3,5
jUDDI Core Services,org.apache.juddi.api.util,JUDDIQuery,33,419,6,2,5,61,7,5,3,5
jUDDI Core Services,org.apache.juddi.api.util,QueryStatus,66,36,8,0,15,7,10,2,6,2
jUDDI Core Services,org.apache.juddi.api.util,ValueSetValidationQuery,33,52,6,2,5,15,7,5,3,5
jUDDI Core Services,org.apache.juddi.api.util,CustodyTransferQuery,33,83,6,2,5,19,7,5,3,5
jUDDI Core Services,org.apache.juddi.api.util,InquiryQuery,33,195,6,2,5,33,7,5,3,5
jUDDI Core Services,org.apache.juddi.rmi,RMIRegistration,366,0,16,0,77,0,13,0,5,0
jUDDI Core Services,org.apache.juddi.rmi,UDDISubscriptionService,21,9,0,0,6,3,4,1,4,1
jUDDI Core Services,org.apache.juddi.rmi,UDDIPublicationService,72,9,0,0,21,3,14,1,14,1
jUDDI Core Services,org.apache.juddi.rmi,UDDIInquiryService,50,9,0,0,10,3,10,1,10,1
jUDDI Core Services,org.apache.juddi.rmi,JUDDIApiService,121,9,0,0,30,3,23,1,23,1
jUDDI Core Services,org.apache.juddi.rmi,UDDISecurityService,10,9,0,0,3,3,2,1,2,1
jUDDI Core Services,org.apache.juddi.rmi,UDDICustodyTransferService,19,9,0,0,6,3,3,1,3,1
jUDDI Core Services,org.apache.juddi.rmi,UDDISubscriptionListenerService,5,9,0,0,1,3,1,1,1,1
jUDDI Core Services,org.apache.juddi.rmi,JNDIRegistration,154,222,7,9,18,64,7,6,0,5
jUDDI Core Services,org.apache.juddi.cryptor,CryptorFactory,49,48,2,4,11,17,4,4,2,3
jUDDI Core Services,org.apache.juddi.keygen,DefaultKeyGenerator,10,94,4,16,1,23,4,9,0,3
jUDDI Core Services,org.apache.juddi.keygen,KeyGeneratorFactory,44,110,1,5,9,26,2,6,1,4
jUDDI Core Services,org.apache.juddi,Registry,72,93,6,10,15,30,6,6,0,4
jUDDI Core Services,org.apache.juddi,ClassUtil,17,43,5,7,5,16,6,3,1,2
